cluster_name,all_songs_share,top_2024_share,lift
Mainstream Upbeat Pop,0.2913833333333333,0.3287671232876712,1.1282976261088071
High-Energy Fast-Tempo Tracks,0.27846666666666664,0.18493150684931506,0.6641064406846364
Acoustic / Emotional Ballads,0.19405,0.2876712328767123,1.4824593294342299
Instrumental / Atmospheric Tracks,0.09955,0.11643835616438356,1.1696469730224366
Live / Performance-Driven Songs,0.06838333333333334,0.06164383561643835,0.901445317325445
Speech-Heavy Hip-Hop / Rap,0.06816666666666667,0.02054794520547945,0.3014368489801386
